Annandale, 7 10N, 58 29W, Pomeroon-Supenaam
Anna Regina, 7 16N, 58 29W, Pomeroon-Supenaam
Anns Grove, 6 44N, 57 57W, Demerara-Mahaica
Apoteri, 4 02N, 58 35W, Upper Takutu-Upper Essequibo
Arakaka, 7 35N, 60 01W, Barima-Waini
Aranaputa, 3 58N, 59 10W, Upper Takutu-Upper Essequibo
Arau, 6 25N, 61 08W, Cuyuni-Mazaruni
Arawai, 6 08N, 58 32W, Upper Demerara-Berbice
Arcadia, 6 44N, 58 09W, Demerara-Mahaica
Armadale, 6 24N, 57 37W, Mahaica-Berbice
Arnik, 5 01N, 59 32W, Potaro-Siparuni
Arthurville, 6 57N, 58 27W, Essequibo Islands-West Demerara
Aruka, 7 15N, 58 35W, Pomeroon-Supenaam
Auchlyne, 6 14N, 57 19W, East Berbice-Corentyne
Augsburg, 6 01N, 57 37W, East Berbice-Corentyne
Aurora, 5 50N, 57 39W, East Berbice-Corentyne
Aurora, 6 26N, 58 18W, Essequibo Islands-West Demerara
Aurora, 7 00N, 58 30W, Pomeroon-Supenaam
Awaruwanau, 2 39N, 59 12W, Upper Takutu-Upper Essequibo
Babylon, 5 59N, 57 09W, East Berbice-Corentyne
Bachelor’s Adventure, 6 46N, 58 00W, Demerara-Mahaica
Bachelor’s Adventure, 6 11N, 57 26W, East Berbice-Corentyne
Bachelor’s Adventure, 6 55N, 58 25W, Essequibo Islands-West Demerara
Bagatelle, 6 39N, 57 55W, Demerara-Mahaica
Bagotstown, 6 46N, 58 10W, Demerara-Mahaica
Bagotville, 6 46N, 58 13W, Essequibo Islands-West Demerara
Baiabu, 3 03N, 59 53W, Upper Takutu-Upper Essequibo
Baitun, 6 15N, 57 33W, Mahaica-Berbice
Bank Hall, 6 59N, 58 27W, Essequibo Islands-West Demerara
Barabara, 6 33N, 57 53W, Mahaica-Berbice
Baramanni, 7 50N, 59 13W, Barima-Waini
Barama Profit, 7 35N, 58 42W, Pomeroon-Supenaam
Barnwell, 6 52N, 58 22W, Essequibo Islands-West Demerara
Bartenstein, 6 50N, 58 27W, Essequibo Islands-West Demerara
Bartica, 6 24N, 58 37W, Cuyuni-Mazaruni
Basha, 6 38N, 57 51W, Mahaica-Berbice
Beau Voisin, 6 46N, 58 14W, Essequibo Islands-West Demerara
Bee Hive, 6 43N, 57 57W, Demerara-Mahaica
Bel Air, 6 49N, 58 08W, Demerara-Mahaica
Bel Air, 6 19N, 57 34W, Mahaica-Berbice
Bel Air Gardens, 6 49N, 58 08W, Demerara-Mahaica
Bel Air Park, 6 49N, 58 08W, Demerara-Mahaica
Bel Air Springs, 6 49N, 58 08W, Demerara-Mahaica
Belfield, 6 44N, 57 58W, Demerara-Mahaica
Belfield, 6 55N, 58 25W, Essequibo Islands-West Demerara
Belfield, 7 07N, 58 29W, Pomeroon-Supenaam
Bell, 6 30N, 57 42W, Mahaica-Berbice
Belle Plaine, 6 58N, 58 28W, Essequibo Islands-West Demerara
Belle Vue, 6 44N, 58 12W, Essequibo Islands-West Demerara
Belle Vue, 6 28N, 57 40W, Mahaica-Berbice
Belmont, 6 40N, 57 56W, Demerara-Mahaica
Belmont, 6 02N, 57 36W, East Berbice-Corentyne
Belmont, 6 37N, 57 50W, Mahaica-Berbice
Belvedere, 6 40N, 57 54W, Mahaica-Berbice
Belvidere, 6 16N, 57 22W, East Berbice-Corentyne
Benab, 5 59N, 57 09W, East Berbice-Corentyne
Bendorf, 6 47N, 58 30W, Essequibo Islands-West Demerara
Bengal, 6 07N, 57 12W, East Berbice-Corentyne
Berenstein, 5 38N, 57 52W, Upper Demerara-Berbice
Berlin, 6 21N, 58 19W, Essequibo Islands-West Demerara
Best, 6 48N, 58 04W, Demerara-Mahaica
Bethany, 6 58N, 58 35W, Pomeroon-Supenaam
Better Hope, 6 49N, 58 05W, Demerara-Mahaica
Better Hope, 7 23N, 58 31W, Pomeroon-Supenaam
Better Success, 7 22N, 58 30W, Pomeroon-Supenaam
Big Baiabu, 6 32N, 57 53W, Mahaica-Berbice
Big Sands, 1 46N, 58 33W, Upper Takutu-Upper Essequibo
Bladen Hall, 6 47N, 58 01W, Demerara-Mahaica
Blairmont, 6 15N, 57 33W, Mahaica-Berbice
Blake, 6 50N, 58 27W, Essequibo Islands-West Demerara
Blankenburg, 6 51N, 58 15W, Essequibo Islands-West Demerara
Blenheim, 6 13N, 58 18W, Essequibo Islands-West Demerara
Blenheim, 6 35N, 57 48W, Mahaica-Berbice
Bloomfield, 6 14N, 57 20W, East Berbice-Corentyne
Boff, 6 17N, 57 28W, East Berbice-Corentyne
Bon Success, 3 23N, 59 49W, Upper Takutu-Upper Essequibo
Bon Success, 6 46N, 58 15W, Essequibo Islands-West Demerara
Borlam, 6 17N, 57 24W, East Berbice-Corentyne
Bounty Hall, 7 22N, 58 31W, Pomeroon-Supenaam
Bourda, 6 49N, 58 09W, Demerara-Mahaica
Brahan, 6 27N, 57 39W, Mahaica-Berbice
Bremen, 7 09N, 58 29W, Pomeroon-Supenaam
Brickery, 6 38N, 58 12W, Demerara-Mahaica
Brighton, 6 09N, 57 13W, East Berbice-Corentyne
Britannia, 6 26N, 57 38W, Mahaica-Berbice
Broek en Waterland, 6 38N, 57 54W, Mahaica-Berbice
Broomhall, 6 38N, 57 51W, Mahaica-Berbice
Brothers, 6 49N, 58 05W, Demerara-Mahaica
Brothers, 6 11N, 57 33W, East Berbice-Corentyne
Buff, 6 12N, 57 16W, East Berbice-Corentyne
Bush Lot, 6 16N, 57 33W, Mahaica-Berbice
Bush Lot, 6 25N, 57 37W, Mahaica-Berbice
Bush Lot, 7 15N, 58 29W, Pomeroon-Supenaam
Bush Lot Farm, 6 12N, 57 16W, East Berbice-Corentyne
Bushy Park, 6 51N, 58 25W, Essequibo Islands-West Demerara
Bushy Park, 6 36N, 57 50W, Mahaica-Berbice
Butakari, 5 44N, 58 37W, Cuyuni-Mazaruni
Butuba, 5 46N, 58 20W, Upper Demerara-Berbice
Buxton, 6 47N, 58 02W, Demerara-Mahaica
Buxton, 7 25N, 58 37W, Pomeroon-Supenaam
Bygeval, 6 40N, 57 54W, Mahaica-Berbice
Calcutta, 6 33N, 57 45W, Mahaica-Berbice
Caledonia, 6 35N, 58 13W, Demerara-Mahaica
Caledonia, 7 00N, 58 27W, Essequibo Islands-West Demerara
Caledonia, 7 34N, 58 42W, Pomeroon-Supenaam
California, 6 07N, 57 37W, East Berbice-Corentyne
Cambridge, 6 42N, 57 56W, Demerara-Mahaica
Carnarvon, 5 57N, 57 09W, East Berbice-Corentyne
Catherina, 6 36N, 58 14W, Essequibo Islands-West Demerara
Catherina, 5 39N, 57 47W, Upper Demerara-Berbice
Catherina’s Lust, 6 24N, 57 36W, Mahaica-Berbice
Catherine, 6 32N, 57 45W, Mahaica-Berbice
Catunarib, 6 48N, 58 08W, Demerara-Mahaica
Certain Hope, 6 19N, 58 17W, Essequibo Islands-West Demerara
Champagne, 6 32N, 57 47W, Mahaica-Berbice
Chance, 6 31N, 57 48W, Mahaica-Berbice
Chapmans, 6 37N, 57 54W, Mahaica-Berbice
Chapman’s Grove, 7 24N, 58 36W, Pomeroon-Supenaam
Charlestown, 6 48N, 58 10W, Demerara-Mahaica
Charters, 6 08N, 58 16W, Essequibo Islands-West Demerara
Chateau Margot, 6 49N, 58 04W, Demerara-Mahaica
Chateau Truro, 6 57N, 58 25W, Essequibo Islands-West Demerara
Cheltenham, 6 16N, 57 23W, East Berbice-Corentyne
Chester, 6 27N, 57 39W, Mahaica-Berbice
Chi Chi, 5 32N, 60 09W, Cuyuni-Mazaruni
Christianburg, 6 02N, 58 18W, Upper Demerara-Berbice
Christinas Lust, 6 07N, 57 37W, East Berbice-Corentyne
Clairmont, 6 57N, 58 24W, Essequibo Islands-West Demerara
Clemwood, 6 15N, 58 17W, Essequibo Islands-West Demerara
Clemwood Settlement, 6 15N, 58 17W, Demerara-Mahaica
Clifton, 6 14N, 57 20W, East Berbice-Corentyne
Clonbrook, 6 44N, 57 56W, Demerara-Mahaica
Clonbrook, 5 56N, 57 09W, East Berbice-Corentyne
Cockatara, 6 00N, 58 18W, Upper Demerara-Berbice
Coffee Grove, 7 18N, 58 29W, Pomeroon-Supenaam
Coldingen, 6 47N, 58 01W, Demerara-Mahaica
Columbia, 6 39N, 57 52W, Mahaica-Berbice
Columbia, 7 13N, 58 29W, Pomeroon-Supenaam
Commons, 6 04N, 58 18W, Upper Demerara-Berbice
Concordia, 6 54N, 58 29W, Essequibo Islands-West Demerara
Concordia, 5 31N, 57 56W, Upper Demerara-Berbice
Content, 6 35N, 58 14W, Essequibo Islands-West Demerara
Content, 6 39N, 57 53W, Mahaica-Berbice
Cook Tom, 6 22N, 57 50W, Mahaica-Berbice
Coomacka Lands, 5 57N, 58 18W, Upper Demerara-Berbice
Cornelia Ida, 6 52N, 58 16W, Essequibo Islands-West Demerara
Corriverton, 5 53N, 57 09W, East Berbice-Corentyne
Cottage, 6 28N, 57 40W, Mahaica-Berbice
Cotton Tree, 6 17N, 57 33W, Mahaica-Berbice
Courtland, 6 17N, 57 24W, East Berbice-Corentyne
Cove, 6 45N, 57 59W, Demerara-Mahaica
Covent Garden, 6 44N, 58 11W, Demerara-Mahaica
Covent Garden, 7 30N, 58 39W, Pomeroon-Supenaam
Coverden, 5 50N, 57 09W, East Berbice-Corentyne
Cracrana, 4 00N, 59 33W, Upper Takutu-Upper Essequibo
Craig, 6 41N, 58 10W, Demerara-Mahaica
Craig Milne, 6 45N, 57 59W, Demerara-Mahaica
Crashwater, 3 51N, 59 03W, Upper Takutu-Upper Essequibo
Cromarty, 6 11N, 57 15W, East Berbice-Corentyne
Cullen, 7 10N, 58 29W, Pomeroon-Supenaam
Culvert City, 3 22N, 59 48W, Upper Takutu-Upper Essequibo
Cumberland, 6 15N, 57 29E, East Berbice-Corentyne
Cummings Lodge, 6 49N, 58 07W, Demerara-Mahaica
Dadanawa, 2 49N, 59 31W, Upper Takutu-Upper Essequibo
Dageraad, 7 12N, 58 30W, Pomeroon-Supenaam
Danielstown, 7 18N, 58 29W, Pomeroon-Supenaam
Danjou Park, 6 01N, 58 19W, Upper Demerara-Berbice
Dankbarheid, 6 09N, 57 38W, Mahaica-Berbice
Dantzig, 6 39N, 57 53W, Mahaica-Berbice
Dartmouth, 7 22N, 58 30W, Pomeroon-Supenaam
Dawa, 7 12N, 58 36W, Pomeroon-Supenaam
Dead Tree Farm, 6 01N, 57 10W, East Berbice-Corentyne
Dead Tree Farm, 6 01N, 57 10W, East Berbice-Corentyne
De Agatha, 5 38N, 57 52W, Upper Demerara-Berbice
De Cottage, 6 18N, 58 17W, Essequibo Islands-West Demerara
D’Edward, 6 17N, 57 32W, Mahaica-Berbice
De Endragt, 6 48N, 58 03W, Demerara-Mahaica
De Endragt, 5 46N, 57 43W, Upper Demerara-Berbice
De Gezusters, 6 43N, 58 13W, Essequibo Islands-West Demerara
De Herstelling, 6 10N, 58 17W, Essequibo Islands-West Demerara
De Hoop, 6 39N, 57 54W, Mahaica-Berbice
De Jonge Rachael, 6 42N, 58 12W, Essequibo Islands-West Demerara
De Kinderen, 6 46N, 58 15W, Essequibo Islands-West Demerara
De Kinderen, 6 38N, 57 54W, Mahaica-Berbice
De Maria Elizabeth, 5 53N, 58 18W, Upper Demerara-Berbice
Den Amstel, 6 51N, 58 15W, Essequibo Islands-West Demerara
Den Heuvel, 6 34N, 58 14W, Demerara-Mahaica
De Ridder’s Faith, 6 46N, 58 16W, Essequibo Islands-West Demerara
Deutichem, 6 10N, 57 34W, East Berbice-Corentyne
De Velde, 5 47N, 57 40W, Upper Demerara-Berbice
De Voedster, 6 10N, 57 26W, East Berbice-Corentyne
Devonshire Castle, 7 20N, 58 29W, Pomeroon-Supenaam
De Vriend, 6 39N, 57 54W, Mahaica-Berbice
De Vriendschap, 5 47N, 57 46W, Upper Demerara-Berbice
De Vryheid, 5 31N, 57 56W, Upper Demerara-Berbice
De Willem, 6 53N, 58 19W, Essequibo Islands-West Demerara
De Witte Zwaan, 6 54N, 58 27W, Essequibo Islands-West Demerara
Diamond, 7 35N, 58 44W, Pomeroon-Supenaam
Dingwall, 6 08N, 57 12W, East Berbice-Corentyne
Dochfour, 6 44N, 57 58W, Demerara-Mahaica
Domburg, 6 57N, 58 26W, Essequibo Islands-West Demerara
Doorn Haag, 6 56N, 58 25W, Essequibo Islands-West Demerara
Doornloff, 5 33N, 57 55W, Upper Demerara-Berbice
Dora, 6 17N, 58 16W, Demerara-Mahaica
Dorabisi, 5 58N, 58 18W, Upper Demerara-Berbice
Drill, 6 36N, 57 49W, Mahaica-Berbice
Dryshore, 7 01N, 58 30W, Pomeroon-Supenaam
Dunbarton Castle, 7 35N, 58 43W, Pomeroon-Supenaam
Dundee, 6 33N, 57 46W, Mahaica-Berbice
Dunkeld and Perth, 7 21N, 58 30W, Pomeroon-Supenaam
Dunoon, 6 26N, 58 18W, Essequibo Islands-West Demerara
Dun Robin, 6 17N, 57 27W, East Berbice-Corentyne
Durban, 6 20N, 58 42W, Cuyuni-Mazaruni
Durban Area, 6 48N, 58 08W, Demerara-Mahaica
Eagles Rust, 6 56N, 58 29W, Essequibo Islands-West Demerara
East La Penitence, 6 48N, 58 09W, Demerara-Mahaica
East Ruimveldt, 6 47N, 58 09W, Demerara-Mahaica
Ebini, 5 40N, 57 47W, Upper Demerara-Berbice
Ebini Ranch, 5 40N, 57 49W, Upper Demerara-Berbice
Eccles, 6 46N, 58 10W, Demerara-Mahaica
Edderton, 6 19N, 57 34W, Mahaica-Berbice
Edinburgh, 6 11N, 57 31W, East Berbice-Corentyne
Edinburgh, 6 52N, 58 17W, Essequibo Islands-West Demerara
Eldorado, 6 30N, 57 42W, Mahaica-Berbice
Eliza and Mary, 6 11N, 58 16W, Demerara-Mahaica
Elizabeth Ann, 6 27N, 58 18W, Demerara-Mahaica
Elizabeth Hall, 6 47N, 58 00W, Demerara-Mahaica
Enachu, 6 09N, 60 03W, Cuyuni-Mazaruni
Endeavour, 6 20N, 58 18W, Demerara-Mahaica
Endeavour, 6 44N, 58 16W, Essequibo Islands-West Demerara
Endeavour, 6 46N, 58 17W, Essequibo Islands-West Demerara
Endeavour, 6 40N, 57 55W, Mahaica-Berbice
Enmore, 6 46N, 57 59W, Demerara-Mahaica
Enterprise, 6 46N, 58 01W, Demerara-Mahaica
Enterprise, 6 55N, 58 24W, Essequibo Islands-West Demerara
Enterprise, 7 32N, 58 40W, Pomeroon-Supenaam
Epsom, 6 08N, 57 13W, East Berbice-Corentyne
Esau and Jacob, 6 28N, 57 47W, Mahaica-Berbice
Essendam, 6 05N, 57 35W, East Berbice-Corentyne
Eteringbang, 6 42N, 61 05W, Cuyuni-Mazaruni
Evergreen, 7 24N, 58 33W, Pomeroon-Supenaam
Eversham, 7 21N, 58 30W, Pomeroon-Supenaam
Expectation, 6 20N, 57 34W, Mahaica-Berbice
Experience, 6 24N, 58 18W, Essequibo Islands-West Demerara
Experiment, 6 04N, 57 35W, East Berbice-Corentyne
Experiment, 6 23N, 57 35W, Mahaica-Berbice
Fairfield, 6 38N, 57 52W, Mahaica-Berbice
Fairfield, 7 02N, 58 29W, Pomeroon-Supenaam
Fairs Rust, 5 59N, 58 17W, Upper Demerara-Berbice
Fairview, 4 39N, 58 41W, Potaro-Siparuni
Farm, 6 50N, 58 25W, Essequibo Islands-West Demerara
Fear Not, 6 49N, 58 05W, Demerara-Mahaica
Felicity, 6 32N, 57 48W, Mahaica-Berbice
Fellowship, 6 51N, 58 15W, Essequibo Islands-West Demerara
Fellowship, 6 34N, 57 47W, Mahaica-Berbice
Festival City, 6 47N, 58 08W, Demerara-Mahaica
First Savannah, 6 23N, 57 47E, Mahaica-Berbice
Flensburg, 6 34N, 58 14W, Essequibo Islands-West Demerara
Floyd Ward, 6 04N, 57 11W, East Berbice-Corentyne
Fort Canje, 6 15N, 57 31W, East Berbice-Corentyne
Fortitude, 6 33N, 57 48W, Mahaica-Berbice
Fort Nassau, 5 45N, 57 43W, Upper Demerara-Berbice
Fort Wellington, 6 24N, 57 36W, Mahaica-Berbice
Foulis, 6 46N, 58 00W, Demerara-Mahaica
Foulis, 6 31N, 57 43W, Mahaica-Berbice
Frederica Johanna, 6 38N, 57 54W, Mahaica-Berbice
Fredericksburg, 6 57N, 58 26W, Essequibo Islands-West Demerara
Free and Easy, 6 39N, 58 12W, Essequibo Islands-West Demerara
Freetown, 7 34N, 58 42W, Pomeroon-Supenaam
Friends, 6 11N, 57 33W, East Berbice-Corentyne
Friendship, 6 48N, 58 02W, Demerara-Mahaica
Friendship, 5 57N, 57 09W, East Berbice-Corentyne
Friendship, 6 12N, 57 16W, East Berbice-Corentyne
Gangaram, 6 38N, 58 12W, Demerara-Mahaica
Garraway Stream, 5 23N, 59 07W, Potaro-Siparuni
Geertruyda, 5 45N, 57 42W, Upper Demerara-Berbice
Geneve, 6 46N, 58 15W, Essequibo Islands-West Demerara
Georgetown, 6 48N, 58 10W, Demerara-Mahaica
Georgia, 6 33N, 58 15W, Essequibo Islands-West Demerara
Germania, 6 01N, 57 37W, East Berbice-Corentyne
Geruchy and Ruyters, 6 37N, 57 54W, Mahaica-Berbice
Glasgow, 6 12N, 57 31W, East Berbice-Corentyne
Glastulich, 6 03N, 57 35W, East Berbice-Corentyne
Glaziers Lust, 6 39N, 57 52W, Mahaica-Berbice
Godt Zeit Alles, 5 32N, 57 56W, Upper Demerara-Berbice
Goed Fortuin, 6 47N, 58 12W, Essequibo Islands-West Demerara
Goedverwagting, 6 49N, 58 06W, Demerara-Mahaica
Goedverwagting, 6 42N, 58 12W, Essequibo Islands-West Demerara
Golden Fleece, 6 30N, 57 41W, Mahaica-Berbice
Golden Fleece, 7 09N, 58 29W, Pomeroon-Supenaam
Golden Grove, 6 42N, 58 11W, Demerara-Mahaica
Golden Grove, 6 45N, 57 59W, Demerara-Mahaica
Golden Grove, 6 25N, 57 37W, Mahaica-Berbice
Gold Hill, 6 05N, 58 18W, Upper Demerara-Berbice
Goldstone Hall, 6 13N, 57 28W, East Berbice-Corentyne
Good Banana Land, 6 14N, 57 29W, East Berbice-Corentyne
Good Faith, 6 33N, 57 46W, Mahaica-Berbice
Good Hope, 6 41N, 57 56W, Demerara-Mahaica
Good Hope, 6 48N, 58 03W, Demerara-Mahaica
Good Hope, 6 06N, 57 12W, East Berbice-Corentyne
Good Hope, 6 25N, 58 18W, Essequibo Islands-West Demerara
Good Hope, 6 59N, 58 30W, Pomeroon-Supenaam
Good Hope, 3 52N, 59 35W, Upper Takutu-Upper Essequibo
Good Intent, 6 42N, 57 55W, Demerara-Mahaica
Good Intent, 6 43N, 58 12W, Essequibo Islands-West Demerara
Good Intent, 7 00N, 58 30W, Pomeroon-Supenaam
Good Success, 6 41N, 58 11W, Demerara-Mahaica
Good Success, 6 57N, 58 28W, Essequibo Islands-West Demerara
Great Falls, 5 42N, 61 05W, Cuyuni-Mazaruni
Great Falls, 6 43N, 57 57W, Demerara-Mahaica
Greenwich Park, 6 52N, 58 23W, Essequibo Islands-West Demerara
Groenveldt, 6 52N, 58 17W, Essequibo Islands-West Demerara
Grove, 6 42N, 57 56W, Demerara-Mahaica
Grove, 6 51N, 58 26W, Essequibo Islands-West Demerara
Grove, 6 34N, 57 47W, Mahaica-Berbice
Gunns Strip, 1 45N, 58 35W, Upper Takutu-Upper Essequibo
Guyhoc Park, 6 47N, 58 08W, Demerara-Mahaica
Hackney, 7 33N, 58 42W, Pomeroon-Supenaam
Hague, 6 52N, 58 16W, Essequibo Islands-West Demerara
Half Mile, 6 01N, 58 19W, Upper Demerara-Berbice
Hampshire, 6 15N, 57 22W, East Berbice-Corentyne
Hampton Court, 7 19N, 58 29W, Pomeroon-Supenaam
Hand en Veldt, 6 41N, 57 56W, Demerara-Mahaica
Handsden, 6 33N, 57 54W, Demerara-Mahaica
Harlem, 6 50N, 58 13W, Essequibo Islands-West Demerara
Harmony Hall, 6 39N, 57 52W, Mahaica-Berbice
Harriet, 5 55N, 57 09W, East Berbice-Corentyne
Haruru, 6 45N, 57 59W, Demerara-Mahaica
Haswell, 6 14N, 57 20W, East Berbice-Corentyne
Haversham, 6 08N, 57 13W, East Berbice-Corentyne
Heathfield, 7 34N, 58 42W, Pomeroon-Supenaam
Helena No. 1, 6 41N, 57 55W, Demerara-Mahaica
Helena No. 2, 6 41N, 57 56W, Demerara-Mahaica
Helvetia, 5 47N, 57 43W, Upper Demerara-Berbice
Henrietta, 6 54N, 58 27W, Essequibo Islands-West Demerara
Henrietta, 7 16N, 58 29W, Pomeroon-Supenaam
Hermitage, 6 39N, 58 12W, Essequibo Islands-West Demerara
Herstelling, 6 45N, 58 11W, Demerara-Mahaica
Herstelling, 6 05N, 57 37W, Mahaica-Berbice
Hiawa, 3 23N, 59 38W, Upper Takutu-Upper Essequibo
Hibernia, 7 02N, 58 30W, Pomeroon-Supenaam
Highbury, 6 10N, 57 37W, East Berbice-Corentyne
Hitia, 5 48N, 57 45W, Upper Demerara-Berbice
Hittia Settlement, 7 11N, 58 29W, Pomeroon-Supenaam
Hofwerk, 5 46N, 57 44W, Upper Demerara-Berbice
Hogstraten, 6 13N, 57 17W, East Berbice-Corentyne
Hong Kong, 5 56N, 57 09W, East Berbice-Corentyne
Hoogstraten, 5 42N, 57 47W, Upper Demerara-Berbice
Hoorubea, 6 35N, 58 08W, Mahaica-Berbice
Hope, 6 43N, 57 58W, Demerara-Mahaica
Hope, 6 45N, 58 00W, Demerara-Mahaica
Hope, 6 22N, 57 35W, Mahaica-Berbice
Hope, 6 24N, 58 18W, Essequibo Islands-West Demerara
Hope, 5 54N, 58 21W, Upper Demerara-Berbice
Hopetown, 6 08N, 57 37W, East Berbice-Corentyne
Hopetown, 6 32N, 58 17W, Essequibo Islands-West Demerara
Hopetown, 6 24N, 57 36W, Mahaica-Berbice
Hosororo, 8 10N, 59 48W, Barima-Waini
Hotakwai, 8 01N, 59 49W, Barima-Waini
Houston, 6 47N, 58 10W, Demerara-Mahaica
Hubu, 6 49N, 58 28W, Essequibo Islands-West Demerara
Huist T’Dieren, 7 03N, 58 29W, Pomeroon-Supenaam
Huntley, 6 34N, 57 47W, Mahaica-Berbice
Hururu, 5 22N, 58 00W, Upper Demerara-Berbice
Hururu, 5 47N, 58 23W, Upper Demerara-Berbice
Hyde Park, 6 51N, 58 26W, Essequibo Islands-West Demerara
Hyde Park, 6 30N, 57 48W, Mahaica-Berbice
Hydronie, 6 51N, 58 25W, Essequibo Islands-West Demerara
Imbaimadai, 5 42N, 60 18W, Cuyuni-Mazaruni
Industrial Estate, 6 48N, 58 10W, Demerara-Mahaica
Industry, 6 49N, 58 06W, Demerara-Mahaica
Industry, 6 17N, 57 26W, East Berbice-Corentyne
Inverness, 6 20N, 57 34W, Mahaica-Berbice
Ithaca, 6 14N, 57 33W, Mahaica-Berbice
Ituni, 5 32N, 57 56W, Upper Demerara-Berbice
Ituni, 5 32N, 58 15W, Upper Demerara-Berbice
Jacklow, 7 20N, 58 38W, Pomeroon-Supenaam
Jackson, 7 28N, 58 37W, Pomeroon-Supenaam
Jackson Creek, 5 48N, 57 10W, East Berbice-Corentyne
Jacoba, 6 27N, 57 39W, Mahaica-Berbice
Jacoba Constantia, 6 46N, 58 16W, Essequibo Islands-West Demerara
Jagt Lust, 5 37N, 57 51W, Upper Demerara-Berbice
Jalousie, 6 20N, 58 18W, Demerara-Mahaica
Java, 6 07N, 57 12W, East Berbice-Corentyne
Java, 6 46N, 58 14W, Essequibo Islands-West Demerara
Jib, 6 04N, 57 16W, East Berbice-Corentyne
Joe Hook, 6 32N, 57 56W, Demerara-Mahaica
Johanna, 6 28N, 57 48W, Mahaica-Berbice
Johanna, 5 46N, 57 43W, Upper Demerara-Berbice
Johanna Cecelia, 7 08N, 58 29W, Pomeroon-Supenaam
Johanna Cornelia, 6 45N, 57 59W, Demerara-Mahaica
John, 6 14N, 57 20W, East Berbice-Corentyne
Joppa, 6 06N, 57 12W, East Berbice-Corentyne
Joyce Phillips, 6 39N, 57 55W, Demerara-Mahaica
Juliana, 5 41N, 57 47W, Upper Demerara-Berbice
Kabakaburi, 7 15N, 58 43W, Pomeroon-Supenaam
Kaibarupai, 5 03N, 59 58W, Potaro-Siparuni
Kaicumbay, 3 33N, 59 25W, Upper Takutu-Upper Essequibo
Kaieteur, 5 09N, 59 29W, Potaro-Siparuni
Kairimap, 6 10N, 58 14W, Demerara-Mahaica
Kakatiri, 6 49N, 58 27W, Essequibo Islands-West Demerara
Kamarang, 5 52N, 60 37W, Cuyuni-Mazaruni
Kanapang, 4 32N, 60 08W, Potaro-Siparuni
Kanashen, 6 25N, 58 39W, Cuyuni-Mazaruni
Kara Kara, 6 01N, 58 17W, Upper Demerara-Berbice
Karanambo, 3 45N, 59 18W, Upper Takutu-Upper Essequibo
Karaudanawa, 2 24N, 59 28W, Upper Takutu-Upper Essequibo
Karawab, 7 15N, 58 50W, Pomeroon-Supenaam
Kariakau, 7 22N, 59 42W, Barima-Waini
Karisparu, 4 52N, 59 29W, Potaro-Siparuni
Karrau, 4 40N, 59 50W, Potaro-Siparuni
Katoonarib, 2 46N, 59 36W, Upper Takutu-Upper Essequibo
Kendalls, 6 17N, 57 27W, East Berbice-Corentyne
Kibilibiri, 5 25N, 57 59W, Upper Demerara-Berbice
Kilcoy, 6 16N, 57 23W, East Berbice-Corentyne
Kildonan, 6 12N, 57 16W, East Berbice-Corentyne
Kilmarnock, 6 11N, 57 15W, East Berbice-Corentyne
Kiltairn, 6 08N, 57 13W, East Berbice-Corentyne
Kimbia, 5 42N, 57 46W, Upper Demerara-Berbice
Kingelly, 6 27N, 57 39W, Mahaica-Berbice
Kingston, 6 49N, 58 10W, Demerara-Mahaica
Kingston, 6 56N, 58 24W, Essequibo Islands-West Demerara
Kitty, 6 49N, 58 08W, Demerara-Mahaica
Kitty, 6 08N, 57 37W, East Berbice-Corentyne
Kitty, 7 32N, 58 40W, Pomeroon-Supenaam
Klien Pouderoyen, 6 48N, 58 12W, Essequibo Islands-West Demerara
Klyzenaar, 6 38N, 57 54W, Mahaica-Berbice
Kokatara, 7 20N, 59 34W, Barima-Waini
Konashen, 1 34N, 58 41W, Upper Takutu-Upper Essequibo
Konawaruk, 5 16N, 59 00W, Potaro-Siparuni
Kopinang, 4 56N, 59 48W, Potaro-Siparuni
Kortberaad, 6 10N, 57 34W, East Berbice-Corentyne
Krapa, 6 32N, 57 55N, Mahaica-Berbice
Kularu, 5 57N, 58 20W, Upper Demerara-Berbice
Kumaka, 7 39N, 58 57W, Barima-Waini
Kumaka, 8 12N, 59 48W, Barima-Waini
Kumaka, 5 35N, 57 56W, Upper Demerara-Berbice
Kurikebaru, 5 54N, 60 35W, Cuyuni-Mazaruni
Kurukabaru, 4 45N, 59 54W, Potaro-Siparuni
Kuru Kuru, 6 32N, 58 12W, Demerara-Mahaica
Kuru Kururu, 6 33N, 58 12W, Demerara-Mahaica
Kurupukari, 4 40N, 58 40W, Potaro-Siparuni
Kurupung, 6 14N, 60 10W, Cuyuni-Mazaruni
Kuyuwini, 2 06N, 59 15W, Upper Takutu-Upper Essequibo
Kwabanna, 7 33N, 59 09W, Barima-Waini
Kwaimatta, 3 49N, 59 20W, Upper Takutu-Upper Essequibo
Kwakwani, 5 16N, 58 04W, Upper Demerara-Berbice
Kwatamang, 3 55N, 59 07W, Upper Takutu-Upper Essequibo
Kwatata, 3 38N, 59 30W, Upper Takutu-Upper Essequibo
La Bagatelle, 6 55N, 58 24W, Essequibo Islands-West Demerara
La Belle Alliance, 7 17N, 58 29W, Pomeroon-Supenaam
La Bonne Intention, 6 48N, 58 04W, Demerara-Mahaica
La Bonne Mere, 6 39N, 57 56W, Demerara-Mahaica
Lacytown, 6 49N, 58 10W, Demerara-Mahaica
La Grange, 6 46N, 58 12W, Essequibo Islands-West Demerara
La Harmonie, 6 37N, 58 13W, Essequibo Islands-West Demerara
La Heureuse Adventure, 6 48N, 58 10W, Demerara-Mahaica
La Jalousie, 6 51N, 58 15W, Essequibo Islands-West Demerara
La Jeanette, 6 39N, 57 54W, Mahaica-Berbice
Laluni, 6 32N, 58 06W, Demerara-Mahaica
Lamaha Gardens, 6 48N, 58 08W, Demerara-Mahaica
Lamaha Park, 6 47N, 58 08W, Demerara-Mahaica
Lamaha Springs, 6 47N, 58 07W, Demerara-Mahaica
Lana, 6 30N, 58 17W, Demerara-Mahaica
Lancaster, 6 43N, 57 56W, Demerara-Mahaica
Lancaster, 6 13N, 57 19W, East Berbice-Corentyne
Land of Canaan, 6 36N, 58 12W, Demerara-Mahaica
Land of Lust, 6 31N, 57 48W, Mahaica-Berbice
Land of Plenty, 7 14N, 58 29W, Pomeroon-Supenaam
La Parfaite Harmonie, 6 46N, 58 14W, Essequibo Islands-West Demerara
La Penitence, 6 48N, 58 10W, Demerara-Mahaica
La Printemps, 6 35N, 57 48W, Mahaica-Berbice
La Reconnaissance, 6 48N, 58 02W, Demerara-Mahaica
La Resource, 6 44N, 58 15W, Essequibo Islands-West Demerara
La Resource, 7 23N, 58 31W, Pomeroon-Supenaam
La Retraite, 6 44N, 58 12W, Essequibo Islands-West Demerara
Larimakabra, 6 47N, 58 29W, Essequibo Islands-West Demerara
Le Desir, 6 46N, 58 16W, Essequibo Islands-West Demerara
Le Destin, 6 52N, 58 24W, Essequibo Islands-West Demerara
Leeds,  6 04N, 57 11W, East Berbice-Corentyne
Leert Zorgen, 6 35N, 58 14W, Essequibo Islands-West Demerara
L’Enterprise, 6 02N, 57 36W, East Berbice-Corentyne
L’Enterprise, 6 34N, 57 48W, Mahaica-Berbice
Leonora, 6 52N, 58 17W, Essequibo Islands-West Demerara
Le Ressouvenir, 6 49N, 58 04W, Demerara-Mahaica
Lesbeholden, 6 09N, 57 18W, East Berbice-Corentyne
L’Esperance, 6 46N, 58 17W, Essequibo Islands-West Demerara
Lethem, 3 23N, 59 48W, Upper Takutu-Upper Essequibo
Letter Kenny, 6 14N, 57 19W, East Berbice-Corentyne
Letter T, 6 32N, 57 44W, Mahaica-Berbice
Lewis Manor, 6 17N, 57 29W, East Berbice-Corentyne
Leyden, 6 19N, 58 18W, Essequibo Islands-West Demerara
L’Heureuse Adventure, 6 46N, 58 14W, Essequibo Islands-West Demerara
Lichfield, 6 28N, 57 40W, Mahaica-Berbice
Light Town, 6 10N, 57 38W, East Berbice-Corentyne
Lilienburg, 5 42N, 57 47W, Upper Demerara-Berbice
Liliendaal, 6 49N, 58 07W, Demerara-Mahaica
Lillydale, 7 32N, 58 40W, Pomeroon-Supenaam
Lima, 7 17N, 58 29W, Pomeroon-Supenaam
Limlair, 6 13N, 57 17W, East Berbice-Corentyne
Linden, 6 00N, 58 18W, Upper Demerara-Berbice
Little Baiabu, 6 33N, 57 53W, Mahaica-Berbice
Little Bleyendaal, 6 13N, 57 29W, East Berbice-Corentyne
Little Diamond, 6 44N, 58 11W, Demerara-Mahaica
Little Massiah, 5 56N, 57 09W, East Berbice-Corentyne
Liverpool, 6 13N, 57 18W, East Berbice-Corentyne
Lochaber, 6 14N, 57 30W, East Berbice-Corentyne
Lodge, 6 48N, 58 09W, Demerara-Mahaica
Lodge Housing Scheme, 6 48N, 58 08W, Demerara-Mahaica
Lookabu, 6 48N, 58 29W, Essequibo Islands-West Demerara
Look Out, 6 51N, 58 27W, Essequibo Islands-West Demerara
L’Oratoire, 6 46N, 58 14W, Essequibo Islands-West Demerara
Lower Simerie, 5 56N, 58 19W, Upper Demerara-Berbice
Lowlands, 6 44N, 57 58W, Demerara-Mahaica
Low Wood, 6 24N, 58 17W, Demerara-Mahaica
Lucky Spot, 5 59N, 58 19W, Upper Demerara-Berbice
Lumidpau, 2 24N, 59 26W, Upper Takutu-Upper Essequibo
L’Union, 7 11N, 58 29W, Pomeroon-Supenaam
Lusignan, 6 48N, 58 03W, Demerara-Mahaica
Mabaruma, 8 12N, 59 47W, Barima-Waini
Mabura Hill, 5 18N, 58 42W, Upper Demerara-Berbice
Macedonia, 6 10N, 57 14W, East Berbice-Corentyne
Mackenzie, 6 00N, 58 17W, Upper Demerara-Berbice
Macmarburg, 6 23N, 58 19W, Essequibo Islands-West Demerara
Macouba, 6 22N, 57 47W, Mahaica-Berbice
Mahaica, 6 41N, 57 55W, Demerara-Mahaica
Mahaicabally, 5 57N, 58 20W, Upper Demerara-Berbice
Mahaicony, 6 34N, 57 48W, Mahaica-Berbice
Mahdia, 5 17N, 59 09W, Potaro-Siparuni
Mainstay, 7 14N, 58 29W, Pomeroon-Supenaam
Mainstay Lake, 7 14N, 58 32W, Pomeroon-Supenaam
Makeshift, 7 01N, 58 29W, Pomeroon-Supenaam
Makouria, 6 28N, 58 35W, Essequibo Islands-West Demerara
Malali, 5 37N, 58 21W, Upper Demerara-Berbice
Manchester, 6 14N, 57 18W, East Berbice-Corentyne
Manilla, 6 40N, 57 53W, Mahaica-Berbice
Mara, 3 36N, 59 32W, Upper Takutu-Upper Essequibo
Ma Retraite, 6 02N, 57 36W, East Berbice-Corentyne
Maria, 6 09N, 57 38W, East Berbice-Corentyne
Maria, 5 48N, 57 44W, Upper Demerara-Berbice
Maria Agnetta, 5 39N, 57 47W, Upper Demerara-Berbice
Maria Henrietta, 5 37N, 57 52W, Upper Demerara-Berbice
Maria Johanna, 6 56N, 58 28W, Essequibo Islands-West Demerara
Maria’s Delight, 7 23N, 58 32W, Pomeroon-Supenaam
Maria’s Delight, 7 24N, 58 36W, Pomeroon-Supenaam
Maria’s Lodge, 6 38N, 58 13W, Essequibo Islands-West Demerara
Maria’s Lodge, 7 07N, 58 29W, Pomeroon-Supenaam
Maria’s Pleasure, 6 58N, 58 26W, Essequibo Islands-West Demerara
Maripa, 6 46N, 58 30W, Essequibo Islands-West Demerara
Marlborough, 7 29N, 58 38W, Pomeroon-Supenaam
Marowa, 6 27N, 58 02W, Demerara-Mahaica
Marudi, 2 16N, 59 11W, Upper Takutu-Upper Essequibo
Maruranau, 2 45N, 59 10W, Upper Takutu-Upper Essequibo
Mary, 6 50N, 58 13W, Essequibo Islands-West Demerara
Mary, 6 35N, 57 48W, Mahaica-Berbice
Mary and Eliza, 6 40N, 57 56W, Demerara-Mahaica
Mary’s Hope, 6 04N, 57 11W, East Berbice-Corentyne
Maryville, 6 55N, 58 25W, Essequibo Islands-West Demerara
Mashabo, 7 03N, 58 33W, Pomeroon-Supenaam
Massara, 3 53N, 59 18W, Upper Takutu-Upper Essequibo
Massiah, 5 56N, 57 09W, East Berbice-Corentyne
Matope, 6 24N, 58 45W, Cuyuni-Mazaruni
Matthews Ridge, 7 30N, 60 10W, Barima-Waini
McDoom, 6 47N, 58 10W, Demerara-Mahaica
McKenzie, 6 47N, 58 10W, Demerara-Mahaica
Melville, 3 45N, 59 36W, Upper Takutu-Upper Essequibo
Meriwau, 3 02N, 59 43W, Upper Takutu-Upper Essequibo
Mervil, 6 17N, 57 26W, East Berbice-Corentyne
Mes Delices, 6 46N, 58 15W, Essequibo Islands-West Demerara
Mes Delices, 6 40N, 57 53W, Mahaica-Berbice
Met en Meerzorg, 6 53N, 58 20W, Essequibo Islands-West Demerara
Meyer Beck, 5 33N, 57 56W, East Berbice-Corentyne
Middleburg Welvaren, 6 12N, 57 38W, Mahaica-Berbice
Middlesex, 6 44N, 58 15W, Essequibo Islands-West Demerara
Middlesex, 7 03N, 58 29W, Pomeroon-Supenaam
Mindenburg, 6 06N, 58 15W, Demerara-Mahaica
Mocha, 6 44N, 58 09W, Demerara-Mahaica
Mocha, 3 20N, 59 40W, Upper Takutu-Upper Essequibo
Moleson Creek, 5 47N, 57 10W, East Berbice-Corentyne
Mon Bijou, 6 46N, 58 15W, Essequibo Islands-West Demerara
Mon Choisi, 6 18N, 57 33W, Mahaica-Berbice
Mon Desir, 6 44N, 58 16W, Essequibo Islands-West Demerara
Monkers, 7 33N, 58 41W, Pomeroon-Supenaam
Monkey Mountain, 4 29N, 59 41W, Potaro-Siparuni
Mon Repos, 6 48N, 58 03W, Demerara-Mahaica
Mon Repos, 5 42N, 57 46W, Upper Demerara-Berbice
Montrose, 6 49N, 58 05W, Demerara-Mahaica
Moorpark, 6 27N, 57 39W, Mahaica-Berbice
Mora, 6 50N, 58 27W, Essequibo Islands-West Demerara
Moraikobe, 6 06N, 57 57E, Mahaica-Berbice
Mora Point, 6 23N, 57 47W, Mahaica-Berbice
Morasi, 6 45N, 58 30W, Essequibo Islands-West Demerara
Morawhanna, 8 16N, 59 45W, Barima-Waini
Moreiro, 3 55N, 59 33W, Upper Takutu-Upper Essequibo
Mortice, 6 30N, 57 48W, Mahaica-Berbice
Naamryck, 6 50N, 58 26W, Essequibo Islands-West Demerara
Naarstigheid, 6 23N, 57 36W, Mahaica-Berbice
Nabaclis, 6 45N, 57 59W, Demerara-Mahaica
Nappi, 3 25N, 59 34W, Upper Takutu-Upper Essequibo
Neuchatel, 6 40N, 57 55W, Mahaica-Berbice
Neville, 6 09N, 57 13W, East Berbice-Corentyne
New Aanlegt, 6 44N, 58 16W, Essequibo Islands-West Demerara
New Amsterdam, 6 15N, 57 31W, East Berbice-Corentyne
New Belle Plaine, 6 57N, 58 27W, Essequibo Islands-West Demerara
Newburg, 6 48N, 58 10W, Demerara-Mahaica
New Calcutta, 5 52N, 57 09W, East Berbice-Corentyne
New Forest, 6 11N, 57 26W, East Berbice-Corentyne
New Foundout, 6 24N, 58 35W, Upper Demerara-Berbice
New Friendship, 6 57N, 58 28W, Essequibo Islands-West Demerara
New Haven, 6 49N, 58 08W, Demerara-Mahaica
New Hope, 6 41N, 58 11W, Demerara-Mahaica
New Levant, 5 37N, 57 52W, Upper Demerara-Berbice
New Ma Retraite, 6 02N, 57 36W, East Berbice-Corentyne
New Market, 5 58N, 57 09W, East Berbice-Corentyne
New Providence, 6 31N, 57 48W, Mahaica-Berbice
New Rising Sun, 6 13N, 57 29W, East Berbice-Corentyne
New Saint Eustatius, 6 28N, 58 19W, Demerara-Mahaica
Newtown, 6 49N, 58 08W, Demerara-Mahaica
New Vigilante, 6 03N, 57 35W, East Berbice-Corentyne
Nigg, 6 16N, 57 23W, East Berbice-Corentyne
Nile, 7 29N, 58 37W, Pomeroon-Supenaam
Nismes, 6 45N, 58 12W, Essequibo Islands-West Demerara
Nog Eens, 6 48N, 58 03W, Demerara-Mahaica
Noitgedacht, 6 46N, 58 16W, Essequibo Islands-West Demerara
Noitgedacht, 6 39N, 57 54W, Mahaica-Berbice
Noitgedacht, 6 00N, 58 18W, Upper Demerara-Berbice
Non Pariel Park, 6 49N, 58 10W, Demerara-Mahaica
Nooten Zuil, 6 45N, 57 58W, Demerara-Mahaica
North Cummingsburg, 6 49N, 58 10W, Demerara-Mahaica
North East La Penitence, 6 48N, 58 09W, Demerara-Mahaica
North Mackenzie, 6 47N, 58 08W, Demerara-Mahaica
Nouvelle Flanders, 6 49N, 58 12W, Essequibo Islands-West Demerara
Novar, 6 33N, 57 46W, Mahaica-Berbice
Now or Never, 6 36N, 57 49W, Mahaica-Berbice